,newCasesByPublishDate,newDeathsByPublishDate,total_population_UK,cumDeathsByPublishDate,new_total_pop,percentage_new_case,percentage_new_death,MA_percentage_new_death,MA_percentage_new_case
2020/1/3,0,0,66796807,,,,,,
2020/1/4,0,0,66796807,,,,,,
2020/1/5,0,0,66796807,,,,,,
2020/1/6,0,0,66796807,,,,,,
2020/1/7,0,0,66796807,,,,,,
2020/1/8,0,0,66796807,,,,,,
2020/1/9,0,0,66796807,,,,,,
2020/1/10,0,0,66796807,,,,,,
2020/1/11,0,0,66796807,,,,,,
2020/1/12,0,0,66796807,,,,,,
2020/1/13,0,0,66796807,,,,,,
2020/1/14,0,0,66796807,,,,,,
2020/1/15,0,0,66796807,,,,,,
2020/1/16,0,0,66796807,,,,,,
2020/1/17,0,0,66796807,,,,,,
2020/1/18,0,0,66796807,,,,,,
2020/1/19,0,0,66796807,,,,,,
2020/1/20,0,0,66796807,,,,,,
2020/1/21,0,0,66796807,,,,,,
2020/1/22,0,0,66796807,,,,,,
2020/1/23,0,0,66796807,,,,,,
2020/1/24,0,0,66796807,,,,,,
2020/1/25,0,0,66796807,,,,,,
2020/1/26,0,0,66796807,,,,,,
2020/1/27,0,0,66796807,,,,,,
2020/1/28,0,0,66796807,,,,,,
2020/1/29,0,0,66796807,,,,,,
2020/1/30,0,0,66796807,,,,,,
2020/1/31,2,0,66796807,,,,,,
2020/2/1,0,0,66796807,,,,,,
2020/2/2,0,0,66796807,,,,,,
2020/2/3,0,0,66796807,,,,,,
2020/2/4,0,0,66796807,,,,,,
2020/2/5,0,0,66796807,,,,,,
2020/2/6,1,0,66796807,,,,,,
2020/2/7,0,0,66796807,,,,,,
2020/2/8,0,0,66796807,,,,,,
2020/2/9,1,0,66796807,,,,,,
2020/2/10,4,0,66796807,,,,,,
2020/2/11,0,0,66796807,,,,,,
2020/2/12,0,0,66796807,,,,,,
2020/2/13,1,0,66796807,,,,,,
2020/2/14,0,0,66796807,,,,,,
2020/2/15,0,0,66796807,,,,,,
2020/2/16,0,0,66796807,,,,,,
2020/2/17,0,0,66796807,,,,,,
2020/2/18,0,0,66796807,,,,,,
2020/2/19,0,0,66796807,,,,,,
2020/2/20,0,0,66796807,,,,,,
2020/2/21,0,0,66796807,,,,,,
2020/2/22,0,0,66796807,,,,,,
2020/2/23,0,0,66796807,,,,,,
2020/2/24,4,0,66796807,,,,,,
2020/2/25,0,0,66796807,,,,,,
2020/2/26,0,0,66796807,,,,,,
2020/2/27,0,0,66796807,,,,,,
2020/2/28,6,0,66796807,,,,,,
2020/2/29,4,0,66796807,,,,,,
2020/3/1,12,0,66796807,,,,,,
2020/3/2,5,0,66796807,,,,,,
2020/3/3,11,0,66796807,,,,,,
2020/3/4,34,0,66796807,,,,,,
2020/3/5,29,0,66796807,,,,,,
2020/3/6,46,1,66796807,1.0,66796806.0,6.886556821294719e-07,1.497077569846678e-08,,
2020/3/7,46,1,66796807,2.0,66796805.0,6.886556924391818e-07,1.497077592259091e-08,,
2020/3/8,65,0,66796807,2.0,66796805.0,9.73100434968409e-07,0.0,,
2020/3/9,50,1,66796807,3.0,66796804.0,7.485388073357522e-07,1.4970776146715044e-08,1.924814156050562e-08,1.018012814508861e-06
2020/3/10,52,4,66796807,7.0,66796800.0,7.784804062470058e-07,5.98831081728466e-08,1.9248141848665246e-08,1.36234071522264e-06
2020/3/11,83,0,66796807,7.0,66796800.0,1.2425744945865671e-06,0.0,5.560575607843918e-08,1.8285736793201078e-06
2020/3/12,134,2,66796807,9.0,66796798.0,2.0060841838556393e-06,2.994155498291999e-08,8.554732630181107e-08,2.3953249153041014e-06
2020/3/13,207,1,66796807,10.0,66796797.0,3.0989509871259247e-06,1.4970777715584178e-08,1.3045969841418602e-07,2.613470812320212e-06
2020/3/14,264,18,66796807,29.0,66796778.0,3.9522864411214566e-06,2.694740755310084e-07,1.561239260524489e-07,3.3727040539970638e-06
2020/3/15,330,14,66796807,43.0,66796764.0,4.940359086856363e-06,2.095909915636033e-07,2.2883924749169288e-07,4.640945096999414e-06
2020/3/16,152,22,66796807,65.0,66796742.0,2.275560086448528e-06,3.293573809333395e-07,3.208028153818764e-07,5.729537638758874e-06
2020/3/17,407,16,66796807,82.0,66796725.0,6.093113097984969e-06,2.395327016406867e-07,3.8710216235758324e-07,6.813853888247627e-06
2020/3/18,676,34,66796807,116.0,66796691.0,1.0120261795603018e-05,5.09007250074708e-07,4.726499020420601e-07,8.462785978404236e-06
2020/3/19,643,45,66796807,162.0,66796645.0,9.626231976171857e-06,6.736865302142046e-07,5.1970122336229e-07,9.17925019669248e-06
2020/3/20,714,32,66796807,194.0,66796613.0,1.0689164733547194e-05,4.790662065455324e-07,6.351909026937327e-07,1.0922287151931178e-05
2020/3/21,1035,58,66796807,252.0,66796555.0,1.549481107221772e-05,8.683082533223458e-07,9.174993386825031e-07,1.310376533130503e-05
2020/3/22,665,36,66796807,288.0,66796519.0,9.955608614874078e-06,5.389502408052132e-07,1.2532766186338176e-06,1.4763412898674857e-05
2020/3/23,967,76,66796807,364.0,66796443.0,1.4476818773119401e-05,1.137785136253438e-06,1.5441422889012226e-06,1.7941551587809878e-05
2020/3/24,1427,148,66796807,512.0,66796295.0,2.1363460353601948e-05,2.21569175356208e-06,2.0916555433799235e-06,2.2595428091658652e-05
2020/3/25,1452,191,66796807,703.0,66796104.0,2.1737794767191812e-05,2.859448209733909e-06,2.5921204001880295e-06,2.584847519557986e-05
2020/3/26,2129,181,66796807,884.0,66795923.0,3.187320280011701e-05,2.7097462220860397e-06,2.9685395138655005e-06,2.9777362549413135e-05
2020/3/27,2890,288,66796807,1172.0,66795635.0,4.326630026048858e-05,4.31165898789644e-06,3.6058904756349354e-06,3.340900859936637e-05
2020/3/28,2556,292,66796807,1464.0,66795343.0,3.826614079966623e-05,4.371562250979084e-06,4.151283665727649e-06,3.730805813895672e-05
2020/3/29,2502,212,66796807,1676.0,66795131.0,3.7457820091706984e-05,3.1738840365475144e-06,5.1800527502552285e-06,4.397047751684024e-05
2020/3/30,2665,374,66796807,2050.0,66794757.0,3.989834112279202e-05,5.599241868639481e-06,6.19813992080838e-06,4.9088831392310053e-05
2020/3/31,3250,403,66796807,2453.0,66794354.0,4.865680713073443e-05,6.0334440842110695e-06,7.156365217938056e-06,5.290053052217447e-05
2020/4/1,4567,672,66796807,3125.0,66793682.0,6.837473041237642e-05,1.0060831801426967e-05,8.148827745555091e-06,5.5989343321238276e-05
2020/4/2,4522,657,66796807,3782.0,66793025.0,6.77016799284057e-05,9.836356415958103e-06,8.976599030440855e-06,6.389708295221216e-05
2020/4/3,4672,736,66796807,4518.0,66792289.0,6.994819416953954e-05,1.1019236067804174e-05,9.38945707172055e-06,6.705873467816395e-05
2020/4/4,4000,756,66796807,5274.0,66791533.0,5.988783039311285e-05,1.1318799944298328e-05,1.0891047300181603e-05,6.84238980107751e-05
2020/4/5,6199,599,66796807,5873.0,66790934.0,9.281199750852413e-05,8.968283030747855e-06,1.1656911116116203e-05,7.120106100020872e-05
2020/4/6,4143,567,66796807,6440.0,66790367.0,6.202990320445461e-05,8.489248157597337e-06,1.2640972044777192e-05,7.152918271078626e-05
2020/4/7,3888,1105,66796807,7545.0,66789262.0,5.821295045901241e-05,1.6544575683438453e-05,1.3471063576887263e-05,7.374188056689566e-05
2020/4/8,5865,1030,66796807,8575.0,66788232.0,8.781487133841183e-05,1.5421878512969172e-05,1.3659455084821214e-05,7.638229324874304e-05
2020/4/9,4675,1117,66796807,9692.0,66787115.0,6.999853190244855e-05,1.6724782916585032e-05,1.3785784248691529e-05,7.443487393389486e-05
2020/4/10,5706,1124,66796807,10816.0,66785991.0,8.543707916230516e-05,1.682987679257466e-05,1.4121742815902195e-05,7.486143081472821e-05
2020/4/11,5234,844,66796807,11660.0,66785147.0,7.837071916604452e-05,1.2637540499835989e-05,1.406207971459183e-05,7.778002871743258e-05
2020/4/12,5288,658,66796807,12318.0,66784489.0,7.918006230458693e-05,9.852587177840052e-06,1.3743556449649855e-05,7.508589079910561e-05
2020/4/13,4342,724,66796807,13042.0,66783765.0,6.501580137028812e-05,1.0840958128071995e-05,1.3572647794246736e-05,7.496490674226436e-05
2020/4/14,5252,1077,66796807,14119.0,66782688.0,7.864313577794292e-05,1.6126933974265905e-05,1.3123631405006163e-05,7.473713094729294e-05
2020/4/15,4605,881,66796807,15000.0,66781807.0,6.89559059101231e-05,1.3192215658375342e-05,1.3686429897733923e-05,7.536286768506266e-05
2020/4/16,4618,1037,66796807,16037.0,66780770.0,6.915164350455977e-05,1.5528422328763206e-05,1.3207362553520323e-05,7.656618572476862e-05
2020/4/17,5599,914,66796807,16951.0,66779856.0,8.384264859750521e-05,1.3686762067890653e-05,1.2884469025594305e-05,7.72815472469863e-05
2020/4/18,5526,1107,66796807,18058.0,66778749.0,8.275087633043261e-05,1.657712994893031e-05,1.3207721187682218e-05,7.524808111529536e-05
2020/4/19,5850,434,66796807,18492.0,66778315.0,8.760328858252862e-05,6.499115768344859e-06,1.3165107676812069e-05,7.491952756437969e-05
2020/4/20,4676,573,66796807,19065.0,66777742.0,7.002333202581184e-05,8.580703432589859e-06,1.242079569190202e-05,7.484550815118891e-05
2020/4/21,4301,1228,66796807,20293.0,66776514.0,6.440887285610627e-05,1.8389699108881306e-05,1.2630631164964605e-05,7.43908719459926e-05
2020/4/22,4451,861,66796807,21154.0,66775653.0,6.665603105371355e-05,1.2893921082284287e-05,1.2025368820609218e-05,7.30803899865772e-05
2020/4/23,4583,689,66796807,21843.0,66774964.0,6.863350761222425e-05,1.0318238434392866e-05,1.1909915775897628e-05,7.011401233354242e-05
2020/4/24,5386,1012,66796807,22855.0,66773952.0,8.06601951611311e-05,1.5155610379328754e-05,1.1405100233207185e-05,6.933176730547672e-05
2020/4/25,4913,824,66796807,23679.0,66773128.0,7.357750261452482e-05,1.234029353844259e-05,1.0870426409150832e-05,6.86799215238982e-05
2020/4/26,4463,380,66796807,24059.0,66772748.0,6.683864501128515e-05,5.690944455363736e-06,1.0729356409862966e-05,6.787831656864341e-05
2020/4/27,4310,337,66796807,24396.0,66772411.0,6.454761682935187e-05,5.046994633756747e-06,1.0648163715291307e-05,7.097924271415715e-05
2020/4/28,3996,978,66796807,25374.0,66771433.0,5.984595238505664e-05,1.4646982340486836e-05,1.004281913426768e-05,7.272379796817644e-05
2020/4/29,4076,795,66796807,26169.0,66770638.0,6.104479636693002e-05,1.1906431087269227e-05,9.602183237872093e-06,7.249556895833788e-05
2020/4/30,6032,651,66796807,26820.0,66769987.0,9.03399906308204e-05,9.74988957239126e-06,9.379718917794854e-06,7.22308863367036e-05
2020/5/1,6201,729,66796807,27549.0,66769258.0,9.287208193926612e-05,1.0918198312163362e-05,9.262087537407717e-06,7.153611344599651e-05
2020/5/2,4806,618,66796807,28167.0,66768640.0,7.197989954565496e-05,9.255842263673484e-06,8.759403700042484e-06,7.241388438582912e-05
2020/5/3,4339,276,66796807,28443.0,66768364.0,6.498586665984507e-05,4.133694214823056e-06,8.52200423622549e-06,7.676858839493994e-05
2020/5/4,3985,282,66796807,28725.0,66768082.0,5.96842065944024e-05,4.223574971046795e-06,8.209693304341357e-06,7.587495042878933e-05
2020/5/5,4406,743,66796807,29468.0,66767339.0,6.599034896388487e-05,1.11281954789302e-05,7.967996013919699e-06,7.255490092889775e-05
2020/5/6,6111,684,66796807,30152.0,66766655.0,9.152772443070572e-05,1.0244634840550272e-05,7.343273213579586e-06,7.060830758819344e-05
2020/5/7,5614,505,66796807,30657.0,66766150.0,8.408452486776607e-05,7.563713049202328e-06,7.274832814553898e-06,6.97186642287697e-05
2020/5/8,4649,616,66796807,31273.0,66765534.0,6.96317354400251e-05,9.226317279211756e-06,7.105825836440481e-06,6.948799979883637e-05
2020/5/9,3896,326,66796807,31599.0,66765208.0,5.835374616072491e-05,4.88278266129269e-06,6.973240142347546e-06,6.734231021448689e-05
2020/5/10,3923,244,66796807,31843.0,66764964.0,5.8758363143878875e-05,3.654611421643244e-06,6.5731748884634045e-06,6.120397915365231e-05
2020/5/11,3877,203,66796807,32046.0,66764761.0,5.806955558486909e-05,3.0405261242528824e-06,6.34854817966497e-06,5.656551477894124e-05
2020/5/12,3403,681,66796807,32727.0,66764080.0,5.097052187343853e-05,1.0200095620279648e-05,5.897110634481637e-06,5.4235713380286936e-05
2020/5/13,3242,497,66796807,33224.0,66763583.0,4.855940700486371e-05,7.4441780633612786e-06,6.1881518966713866e-06,5.328386922709707e-05
2020/5/14,3446,400,66796807,33624.0,66763183.0,5.161527424478848e-05,5.991326087613288e-06,5.95921598563026e-06,5.2511754657005675e-05
2020/5/15,3560,405,66796807,34029.0,66762778.0,5.332312564944497e-05,6.06625446292843e-06,5.85866336405661e-06,4.9959317653461214e-05
2020/5/16,3451,462,66796807,34491.0,66762316.0,5.1690837088395794e-05,6.920071496620938e-06,5.629760595530457e-06,4.7839048050913983e-05
2020/5/17,3562,137,66796807,34628.0,66762179.0,5.3353561153239174e-05,2.052060044355353e-06,5.396559590225618e-06,4.6191643065253823e-05
2020/5/18,2684,156,66796807,34784.0,66762023.0,4.02024965600578e-05,2.3366577732373387e-06,5.240382827394572e-06,4.441370833281198e-05
2020/5/19,2412,574,66796807,35358.0,66761449.0,3.612863465560791e-05,8.597776240596575e-06,5.103463467388695e-06,4.3829801763398406e-05
2020/5/20,2472,388,66796807,35746.0,66761061.0,3.7027572105242605e-05,5.811771026227399e-06,4.699062919955387e-06,4.2777234779820795e-05
2020/5/21,2615,327,66796807,36073.0,66760734.0,3.916973111769562e-05,4.898088747795973e-06,5.334615673380539e-06,4.031024767888419e-05
2020/5/22,3287,341,66796807,36414.0,66760393.0,4.923577966354991e-05,5.10781894288729e-06,5.264012087404662e-06,3.804433131900958e-05
2020/5/23,2959,273,66796807,36687.0,66760120.0,4.432286820335254e-05,4.089267664587781e-06,4.34176116843963e-06,3.71714171723184e-05
2020/5/24,2409,434,66796807,37121.0,66759686.0,3.6084651446682956e-05,6.500929318331425e-06,4.448781722450654e-06,3.6189370570970985e-05
2020/5/25,1625,123,66796807,37244.0,66759563.0,2.434108204093547e-05,1.8424326714061925e-06,4.637116275523962e-06,3.463169971547792e-05
2020/5/26,2004,143,66796807,37387.0,66759420.0,3.0018235628769693e-05,2.14201980784135e-06,4.714177451784841e-06,3.208114795422607e-05
2020/5/27,2013,438,66796807,37825.0,66758982.0,3.0153245895810692e-05,6.5609149043045626e-06,4.63287917539964e-06,3.098143087933035e-05
2020/5/28,1887,415,66796807,38240.0,66758567.0,2.8266035129244162e-05,6.2164306193091294e-06,3.922447863089548e-06,2.9969385456783585e-05
2020/5/29,2095,377,66796807,38617.0,66758190.0,3.138191733478694e-05,5.647247176713449e-06,3.879656341999023e-06,2.9851783552631716e-05
2020/5/30,2445,235,66796807,38852.0,66757955.0,3.6624848679082516e-05,3.5201797298913665e-06,4.296954683504905e-06,2.901519432248246e-05
2020/5/31,1936,102,66796807,38954.0,66757853.0,2.900033348885561e-05,1.5279101321607812e-06,4.1514649027626176e-06,2.8711445730251624e-05
2020/6/1,1570,103,66796807,39057.0,66757750.0,2.3517868711872404e-05,1.5428920237725208e-06,3.6229169243541932e-06,2.8536071290582845e-05
2020/6/2,1613,338,66796807,39395.0,66757412.0,2.4162111017724893e-05,5.063108198382525e-06,3.5908376057547736e-06,2.7583895930109693e-05
2020/6/3,1871,370,66796807,39765.0,66757042.0,2.8027005750194864e-05,5.542486439108551e-06,3.5138107122942402e-06,2.5683722807695534e-05
2020/6/4,1805,168,66796807,39933.0,66756874.0,2.703841405156269e-05,2.516594770450156e-06,3.445336559965174e-06,2.4378433846689225e-05
2020/6/5,1650,362,66796807,40295.0,66756512.0,2.471668981147487e-05,5.422691946517518e-06,3.34262250787148e-06,2.3597418470280385e-05
2020/6/6,1557,199,66796807,40494.0,66756313.0,2.3323636822183393e-05,2.980991475667627e-06,3.252759270298087e-06,2.3113858642244637e-05
2020/6/7,1326,70,66796807,40564.0,66756243.0,1.9863310761811445e-05,1.0485910658573162e-06,3.006675797641467e-06,2.1256421875076046e-05
2020/6/8,1205,55,66796807,40619.0,66756188.0,1.805076107701057e-05,8.23893659116665e-07,2.959603116599645e-06,2.010303873267792e-05
2020/6/9,1387,296,66796807,40915.0,66755892.0,2.0777192221474623e-05,4.434065535368773e-06,2.617215333132888e-06,1.9869842075966227e-05
2020/6/10,1003,255,66796807,41170.0,66755637.0,1.502494838001471e-05,3.819902130512214e-06,2.5894028141188213e-06,1.9587420053489222e-05
2020/6/11,1266,146,66796807,41316.0,66755491.0,1.8964732054775838e-05,2.1870860031574032e-06,2.503804668644859e-06,1.998979341120626e-05
2020/6/12,1541,202,66796807,41518.0,66755289.0,2.3084313214493012e-05,3.0259774622502196e-06,2.4652863315103827e-06,1.967097486325166e-05
2020/6/13,1425,186,66796807,41704.0,66755103.0,2.1346682664844364e-05,2.786303842569159e-06,2.3475951907357056e-06,1.9439900595916505e-05
2020/6/14,1514,30,66796807,41734.0,66755073.0,2.2679924265830704e-05,4.49404047539578e-07,2.2042213184258132e-06,1.9679617546296173e-05
2020/6/15,1056,37,66796807,41771.0,66755036.0,1.581903124132837e-05,5.542652991753311e-07,2.167845407794279e-06,1.9576936818428154e-05
2020/6/16,1279,241,66796807,42012.0,66754795.0,1.9159672350128555e-05,3.6102275499460376e-06,2.1164907549676565e-06,1.9159677085744843e-05
2020/6/17,1115,188,66796807,42200.0,66754607.0,1.6702967032672367e-05,2.816285024342964e-06,1.9880934087716816e-06,1.8881513272921894e-05
2020/6/18,1218,129,66796807,42329.0,66754478.0,1.824596695969969e-05,1.932454628736667e-06,2.00949480561872e-06,1.8254524381008442e-05
2020/6/19,1346,178,66796807,42507.0,66754300.0,2.0163495085709835e-05,2.6664948924638563e-06,1.962414796456994e-06,1.804483053864184e-05
2020/6/20,1295,126,66796807,42633.0,66754174.0,1.9399535975083745e-05,1.8875224191973373e-06,1.8233177715899118e-06,1.7178142995535837e-05
2020/6/21,1221,40,66796807,42673.0,66754134.0,1.8291002022436544e-05,5.992138254688466e-07,1.7505606468352192e-06,1.6189464313356535e-05
2020/6/22,958,15,66796807,42688.0,66754119.0,1.4351174344762157e-05,2.247052350432488e-07,1.7869452070426993e-06,1.597549040630681e-05
2020/6/23,874,176,66796807,42864.0,66753943.0,1.3092859548386527e-05,2.636548375876463e-06,1.8019304973840105e-06,1.524790251869741e-05
2020/6/24,653,154,66796807,43018.0,66753789.0,9.782216257417238e-06,2.3069851510601145e-06,1.7462918565366737e-06,1.4381206265980765e-05
2020/6/25,1118,146,66796807,43164.0,66753643.0,1.6748149610351603e-05,2.187146550189029e-06,1.737732593872409e-06,1.3696413862473615e-05
2020/6/26,1006,185,66796807,43347.0,66753460.0,1.5070379872444066e-05,2.771391924853034e-06,1.7591337496592516e-06,1.33904081579315e-05
2020/6/27,890,100,66796807,43447.0,66753360.0,1.333266220606723e-05,1.498051933265981e-06,1.7184767268359432e-06,1.2994515583596085e-05
2020/6/28,901,36,66796807,43483.0,66753324.0,1.3497455197886476e-05,5.392989868189935e-07,1.7612825153897065e-06,1.3371188040423447e-05
2020/6/29,815,25,66796807,43508.0,66753299.0,1.2209134412967365e-05,3.7451332555114615e-07,1.641441076101845e-06,1.2211286873389446e-05
2020/6/30,689,157,66796807,43665.0,66753142.0,1.0321611528038635e-05,2.351949216113303e-06,1.5408609208578274e-06,1.1222586618268898e-05
2020/7/1,829,174,66796807,43839.0,66752968.0,1.2418923455208764e-05,2.606625670936459e-06,1.4638196513999756e-06,1.0653340547237141e-05
2020/7/2,576,90,66796807,43929.0,66752878.0,8.628841441113595e-06,1.3482564751739993e-06,1.4338590684325203e-06,9.829422606760845e-06
2020/7/3,544,138,66796807,44066.0,66752741.0,8.149478086600219e-06,2.0673308381449086e-06,1.4145987216699322e-06,8.819313923542907e-06
2020/7/4,624,64,66796807,44130.0,66752677.0,9.347939708844935e-06,9.58763047061019e-07,1.4124619363815394e-06,8.588197431253446e-06
2020/7/5,516,22,66796807,44152.0,66752655.0,7.73002961455241e-06,3.2957490604680817e-07,1.309740240187961e-06,8.1623325073532e-06
2020/7/6,343,16,66796807,44168.0,66752639.0,5.138373630441787e-06,2.3969089821302796e-07,1.2969013316273224e-06,8.303590876293091e-06
2020/7/7,581,156,66796807,44324.0,66752483.0,8.70379608201241e-06,2.3369917190945542e-06,1.2048790028519055e-06,8.235117108732305e-06
2020/7/8,630,126,66796807,44450.0,66752357.0,9.437868987907048e-06,1.8875737975814098e-06,1.2840645009361676e-06,8.654591715522069e-06
2020/7/9,642,84,66796807,44534.0,66752273.0,9.617650023692825e-06,1.2583841152495287e-06,1.2819248074312726e-06,8.941377168430578e-06
2020/7/10,512,95,66796807,44629.0,66752178.0,7.670161713674721e-06,1.4231745367169892e-06,1.2755047639188435e-06,9.341585491793768e-06
2020/7/11,820,101,66796807,44730.0,66752077.0,1.2284261956373283e-05,1.5130615336508555e-06,1.2327052292761856e-06,8.949954119452908e-06
2020/7/12,650,21,66796807,44751.0,66752056.0,9.737527784911973e-06,3.1459705151254066e-07,1.1428222008368789e-06,8.753073546344366e-06
2020/7/13,530,13,66796807,44764.0,66752043.0,7.939831893984129e-06,1.947505936260258e-07,1.1064414577158128e-06,8.753084187744597e-06
2020/7/14,398,136,66796807,44900.0,66751907.0,5.962376475626382e-06,2.0373949765959497e-06,1.1449654134875878e-06,9.127615586462414e-06
2020/7/15,538,84,66796807,44984.0,66751823.0,8.059704976147243e-06,1.258392598506261e-06,1.0144189866339176e-06,9.142608961528237e-06
2020/7/16,642,67,66796807,45051.0,66751756.0,9.617724513494446e-06,1.0037189134020685e-06,1.0294002304069924e-06,9.30526897313709e-06
2020/7/17,687,113,66796807,45164.0,66751643.0,1.0291881504699442e-05,1.6928422271194133e-06,1.0251201665090234e-06,9.363060670249935e-06
2020/7/18,827,40,66796807,45204.0,66751603.0,1.2389215581834042e-05,5.992365456751653e-07,9.694786239933338e-07,9.463652809639445e-06
2020/7/19,726,28,66796807,45232.0,66751575.0,1.0876147866173945e-05,4.19465757924064e-07,9.587791413660562e-07,9.510743569402457e-06
2020/7/20,557,11,66796807,45243.0,66751564.0,8.344373773774049e-06,1.6479014634024155e-07,9.288181202281171e-07,9.782550222786447e-06
2020/7/21,445,110,66796807,45353.0,66751454.0,6.666521451352955e-06,1.6479041789861236e-06,9.5022116353728e-07,9.955911623692063e-06
2020/7/22,560,79,66796807,45432.0,66751375.0,8.389340294488316e-06,1.183496220115316e-06,9.95164813882652e-07,9.827515227310981e-06
2020/7/23,769,53,66796807,45485.0,66751322.0,1.1520371087182363e-05,7.939917654364958e-07,9.652031764663223e-07,9.868188496707242e-06
2020/7/24,768,123,66796807,45608.0,66751199.0,1.1505411311038772e-05,1.8426635302835534e-06,9.566427497037163e-07,1.0142135180379705e-05
2020/7/25,767,61,66796807,45669.0,66751138.0,1.1490440807166463e-05,9.138420980927696e-07,9.759057071639298e-07,1.0433202075062328e-05
2020/7/26,745,14,66796807,45683.0,66751124.0,1.1160860751947787e-05,2.0973429600975708e-07,9.844674825948332e-07,1.0867661307561313e-05
2020/7/27,685,7,66796807,45690.0,66751117.0,1.0262000559481275e-05,1.0486715900199842e-07,9.523659318142145e-07,1.1032464121559512e-05
2020/7/28,581,119,66796807,45809.0,66750998.0,8.703989714131316e-06,1.7827448812076187e-06,9.459472019482538e-07,1.1272172661262557e-05
2020/7/29,763,83,66796807,45892.0,66750915.0,1.1430554921981219e-05,1.24342864813164e-06,9.73770172042496e-07,1.1259342890239985e-05
2020/7/30,846,38,66796807,45930.0,66750877.0,1.2673990785169759e-05,5.692809099721642e-07,9.60929411942529e-07,1.125721345479442e-05
2020/7/31,880,120,66796807,46050.0,66750757.0,1.3183371088960085e-05,1.7977324212218298e-06,9.65209834285514e-07,1.1713077559500244e-05
2020/8/1,761,74,66796807,46124.0,66750683.0,1.140063241000845e-05,1.1086028887524642e-06,9.010065380901331e-07,1.190355994584869e-05
2020/8/2,744,8,66796807,46132.0,66750675.0,1.1145954703828838e-05,1.198489753099875e-07,8.624846315395892e-07,1.2179651153987253e-05
2020/8/3,898,9,66796807,46141.0,66750666.0,1.345304929242204e-05,1.3483011540289351e-07,8.860269737152246e-07,1.240223975885085e-05
2020/8/4,670,89,66796807,46230.0,66750577.0,1.0037366418570435e-05,1.3333218078399533e-06,8.38944737238442e-07,1.2382989287082893e-05
2020/8/5,892,65,66796807,46295.0,66750512.0,1.336319337895116e-05,9.737753022778311e-07,7.98282354672894e-07,1.2376577872098753e-05
2020/8/6,950,49,66796807,46344.0,66750463.0,1.4232111019214953e-05,7.340773052016134e-07,7.982824503464425e-07,1.3057161539701175e-05
2020/8/7,871,98,66796807,46442.0,66750365.0,1.3048617786584387e-05,1.4681567658843513e-06,8.261048099239701e-07,1.2719025329158638e-05
2020/8/8,758,55,66796807,46497.0,66750310.0,1.1355752505119453e-05,8.239662107936277e-07,8.539282391961124e-07,1.3742038127949977e-05
2020/8/9,1062,8,66796807,46505.0,66750302.0,1.5910040377045784e-05,1.19849645024827e-07,8.796112398676325e-07,1.3992450787619807e-05
2020/8/10,740,22,66796807,46527.0,66750280.0,1.1086095818624282e-05,3.2958663244558675e-07,9.24555717916737e-07,1.4375556330986435e-05
2020/8/11,1148,102,66796807,46629.0,66750178.0,1.7198456010109817e-05,1.5280858127449488e-06,9.780617754994938e-07,1.559547446655756e-05
2020/8/12,1009,77,66796807,46706.0,66750101.0,1.5116081996639974e-05,1.1535563069784719e-06,9.480999501866463e-07,1.6278204624332065e-05
2020/8/13,1129,70,66796807,46776.0,66750031.0,1.6913849822781355e-05,1.0486886515453453e-06,9.502402505412763e-07,1.6231135640429137e-05
2020/8/14,1441,123,66796807,46899.0,66749908.0,2.1588044735582257e-05,1.8426991689636485e-06,9.224181267185985e-07,1.617336082403388e-05
2020/8/15,1077,41,66796807,46940.0,66749867.0,1.6134863609540974e-05,6.142334336036954e-07,9.159989566537086e-07,1.604710537190361e-05
2020/8/16,1040,9,66796807,46949.0,66749858.0,1.5580557489725295e-05,1.3483174750723814e-07,8.560745821236004e-07,1.5625500586486773e-05
2020/8/17,713,9,66796807,46958.0,66749849.0,1.0681672103857493e-05,1.3483176568684072e-07,8.368137185599547e-07,1.573894499353907e-05
2020/8/18,1089,99,66796807,47057.0,66749750.0,1.6314667845197923e-05,1.4831516222907202e-06,7.704690496614389e-07,1.4865761492080553e-05
2020/8/19,812,49,66796807,47106.0,66749701.0,1.2164848498722114e-05,7.340856852677138e-07,8.582177373280015e-07,1.5317357336158824e-05
2020/8/20,1182,61,66796807,47167.0,66749640.0,1.7707960672147445e-05,9.138626065998259e-07,8.539374539431626e-07,1.5574194552392053e-05
2020/8/21,1033,92,66796807,47259.0,66749548.0,1.5475760225372613e-05,1.3782864866740372e-06,8.453767702398224e-07,1.5873831501504734e-05
2020/8/22,1288,82,66796807,47341.0,66749466.0,1.9296034518088877e-05,1.2284742472696335e-06,8.13274944725785e-07,1.6077163970782358e-05
2020/8/23,1160,7,66796807,47348.0,66749459.0,1.7378418003357898e-05,1.0486976381336664e-07,8.432384216280566e-07,1.6582262404560447e-05
2020/8/24,853,5,66796807,47353.0,66749454.0,1.2779130747646265e-05,7.490697976345994e-08,8.196969075990868e-07,1.7309946870768787e-05
2020/8/25,1184,84,66796807,47437.0,66749370.0,1.7737995130141305e-05,1.2584388436924573e-06,8.1969803738042e-07,1.783003026745925e-05
2020/8/26,1048,63,66796807,47500.0,66749307.0,1.5700537535168716e-05,9.438300235836156e-07,7.619132911800203e-07,1.7444807088107475e-05
2020/8/27,1522,50,66796807,47550.0,66749257.0,2.2801751935605816e-05,7.490720083970373e-07,7.597731602134387e-07,1.863263719920185e-05
2020/8/28,1276,92,66796807,47642.0,66749165.0,1.911634400220587e-05,1.37829439514337e-06,7.554927953248941e-07,1.981618339307954e-05
2020/8/29,1108,55,66796807,47697.0,66749110.0,1.6599472262626424e-05,8.23981023866835e-07,5.906972944068718e-07,2.005375728795444e-05
2020/8/30,1715,6,66796807,47703.0,66749104.0,2.5693228781018543e-05,8.98888470472952e-08,6.805869386807296e-07,2.1038266565949297e-05
2020/8/31,1406,3,66796807,47706.0,66749101.0,2.1063954104790116e-05,4.4944425543648895e-08,6.97709190843999e-07,2.1494148523650357e-05
2020/9/1,1295,7,66796807,47713.0,66749094.0,1.9401012394265606e-05,1.0487033726630057e-07,7.105514861943466e-07,2.2915267744087213e-05
2020/9/2,1508,105,66796807,47818.0,66748989.0,2.259210248113271e-05,1.5730575335006198e-06,7.533565417073976e-07,2.4424136574734295e-05
2020/9/3,1735,58,66796807,47876.0,66748931.0,2.5992925639513238e-05,8.689277735399238e-07,7.597772760828103e-07,2.7148658735754697e-05
2020/9/4,1940,98,66796807,47974.0,66748833.0,2.9064178545263855e-05,1.468190462595803e-06,7.704784221270977e-07,3.0448897725652385e-05
2020/9/5,1813,75,66796807,48049.0,66748758.0,2.7161554077156013e-05,1.1236164124581914e-06,9.823608676535864e-07,3.294227970388565e-05
2020/9/6,2988,9,66796807,48058.0,66748749.0,4.476488390816133e-05,1.3483398767518474e-07,8.774911016054875e-07,3.540570135485874e-05
2020/9/7,2948,8,66796807,48066.0,66748741.0,4.416562703407394e-05,1.1985244785366065e-07,1.0187472627504913e-06,3.793976187598691e-05
2020/9/8,2460,106,66796807,48172.0,66748635.0,3.685468624189843e-05,1.5880474559517209e-06,8.967553115833687e-07,4.136202013559528e-05
2020/9/9,2659,56,66796807,48228.0,66748579.0,3.983605403794439e-05,8.389691711639284e-07,8.346894564096316e-07,4.49661972723009e-05
2020/9/10,2919,124,66796807,48352.0,66748455.0,4.373134928741047e-05,1.8577209015549499e-06,8.304090994423802e-07,4.569819463341524e-05
2020/9/11,3539,41,66796807,48393.0,66748414.0,5.301998636252241e-05,6.142468044259448e-07,8.346896690583667e-07,4.4998374722389706e-05
2020/9/12,3497,46,66796807,48439.0,66748368.0,5.2390794034095336e-05,6.891554262420318e-07,8.025873780190754e-07,4.637885762188473e-05
2020/9/13,3330,7,66796807,48446.0,66748361.0,4.9888865435961793e-05,1.0487148890442419e-07,8.261307095154909e-07,4.9229690017595456e-05
2020/9/14,2621,10,66796807,48456.0,66748351.0,3.926688765689508e-05,1.4981643516556687e-07,7.062784676475893e-07,5.024847611264684e-05
2020/9/15,3105,91,66796807,48547.0,66748260.0,4.65180665383637e-05,1.3633314186766817e-06,8.56096185067877e-07,5.192433380289437e-05
2020/9/16,3991,67,66796807,48614.0,66748193.0,5.9791880807919396e-05,1.0037724916388374e-06,9.138835091086868e-07,5.3904111021509895e-05
2020/9/17,3395,68,66796807,48682.0,66748125.0,5.086285195277021e-05,1.018755208479639e-06,9.652495846201393e-07,5.512196081716708e-05
2020/9/18,4322,111,66796807,48793.0,66748014.0,6.475099019425507e-05,1.6629708263679575e-06,9.652497292308147e-07,5.8861014157884986e-05
2020/9/19,4422,73,66796807,48866.0,66747941.0,6.624923456440401e-05,1.0936666945277008e-06,9.802328323572233e-07,6.275845936145134e-05
2020/9/20,3899,31,66796807,48897.0,66747910.0,5.8413814005562124e-05,4.644340174845924e-07,1.0230389628811585e-06,6.743925861218016e-05
2020/9/21,4368,10,66796807,48907.0,66747900.0,6.544026104192042e-05,1.49817447440294e-07,1.0744062525878426e-06,7.437160934633863e-05
2020/9/22,4926,98,66796807,49005.0,66747802.0,7.380018296332814e-05,1.4682131405615424e-06,1.0744080393026039e-06,7.98336267492111e-05
2020/9/23,6178,87,66796807,49092.0,66747715.0,9.255747556302115e-05,1.3034154053063838e-06,1.091531347378502e-06,8.330092720843806e-05
2020/9/24,6634,92,66796807,49184.0,66747623.0,9.93893070918795e-05,1.3783262364264268e-06,1.074409726171828e-06,8.714062542399514e-05
2020/9/25,6874,111,66796807,49295.0,66747512.0,0.00010298511201436242,1.6629833333712874e-06,1.1000930797516499e-06,8.644725131791656e-05
2020/9/26,6042,81,66796807,49376.0,66747431.0,9.052033777899257e-05,1.2135298510589868e-06,1.1942667256819007e-06,9.119231867445274e-05
2020/9/27,5693,23,66796807,49399.0,66747408.0,8.52917015144618e-05,3.4458266903787484e-07,1.2541960316223802e-06,9.318288955339042e-05
2020/9/28,4044,22,66796807,49421.0,66747386.0,6.0586642299370346e-05,3.296009224990474e-07,1.2798811233957895e-06,9.378229440606393e-05
2020/9/29,7143,142,66796807,49563.0,66747244.0,0.00010701565445908148,2.1274286620732986e-06,1.365494680119631e-06,9.398362155414767e-05
2020/9/30,7108,115,66796807,49678.0,66747129.0,0.00010649147171558495,1.7229205468897395e-06,1.3633560498860846e-06,0.00010860188955762695
2020/10/1,6914,104,66796807,49782.0,66747025.0,0.00010358514106059409,1.5581218788402928e-06,1.3997413941447424e-06,0.00014556046752141786
2020/10/2,6968,151,66796807,49933.0,66746874.0,0.00010439440205094849,2.2622782304381777e-06,1.4061627180117486e-06,0.00016386000483533942
2020/10/3,12872,80,66796807,50013.0,66746794.0,0.0001928482138033476,1.1985594394241617e-06,1.3740612781922805e-06,0.0001796961640283469
2020/10/4,22961,40,66796807,50053.0,66746754.0,0.0003440017472609979,5.992800788484785e-07,1.3826248390975328e-06,0.00019479394997994255
2020/10/5,12594,25,66796807,50078.0,66746729.0,0.00018868340349682155,3.7455018956809105e-07,1.4511166696191641e-06,0.00021753691796530368
2020/10/6,14542,127,66796807,50205.0,66746602.0,0.00021786876881013358,1.9027185833370215e-06,0.0,0.0
2020/10/7,14162,119,66796807,50324.0,66746483.0,0.00021217597337675454,1.782865473226507e-06,0.0,0.0
2020/10/8,17540,136,66796807,50460.0,66746347.0,0.0002627859169581221,2.0375646924917103e-06,0.0,0.0
